{"cameraMode":{"drawMode":0,"name":"Shaded","section":"Shading Mode"},"sceneLighting":true,"audioPlay":false,"sceneViewState":{"m_AlwaysRefresh":false,"showFog":true,"showSkybox":true,"showFlares":true,"showImageEffects":true,"showParticleSystems":true,"showVisualEffectGraphs":true,"m_FxEnabled":true},"in2DMode":false,"pivot":{"x":0.6696234345436096,"y":1.742128610610962,"z":16.044485092163087},"rotation":{"x":0.021279197186231614,"y":-0.05247543752193451,"z":0.00110442319419235,"w":0.99843430519104},"size":11.273709297180176,"orthographic":false}