{"cameraMode":{"drawMode":0,"name":"Shaded","section":"Shading Mode"},"sceneLighting":true,"audioPlay":false,"sceneViewState":{"m_AlwaysRefresh":false,"showFog":true,"showSkybox":true,"showFlares":true,"showImageEffects":true,"showParticleSystems":true,"showVisualEffectGraphs":true,"m_FxEnabled":true},"in2DMode":false,"pivot":{"x":-14.976391792297364,"y":2.602475881576538,"z":5.304138660430908},"rotation":{"x":-0.016887078061699868,"y":-0.47365128993988039,"z":-0.0091170659288764,"w":0.8805502653121948},"size":11.781025886535645,"orthographic":false}