{"cameraMode":{"drawMode":0,"name":"Shaded","section":"Shading Mode"},"sceneLighting":true,"audioPlay":false,"sceneViewState":{"m_AlwaysRefresh":false,"showFog":true,"showSkybox":true,"showFlares":true,"showImageEffects":true,"showParticleSystems":true,"showVisualEffectGraphs":true,"m_FxEnabled":true},"in2DMode":false,"pivot":{"x":-8.157039642333985,"y":-2.838218927383423,"z":-23.664003372192384},"rotation":{"x":-0.018579812720417978,"y":0.9776278734207153,"z":-0.09831778705120087,"w":-0.18553978204727174},"size":11.781025886535645,"orthographic":false}